Gator Windows/Focal Loci,H1X69_07175|_|genomic2.gbff,H1X69_07180|_|genomic2.gbff,H1X69_07185|_|genomic2.gbff,H1X69_07190|_|genomic2.gbff,H1X69_07195|_|genomic2.gbff,H1X69_07200|_|genomic2.gbff,H1X69_07205|_|genomic2.gbff,H1X69_07210|_|genomic2.gbff,H1X69_07215|_|genomic2.gbff,H1X69_07220|_|genomic2.gbff,H1X69_07225|_|genomic2.gbff,H1X69_07230|_|genomic2.gbff,H1X69_07235|_|genomic2.gbff,H1X69_07240|_|genomic2.gbff,H1X69_07245|_|genomic2.gbff,H1X69_07250|_|genomic2.gbff,H1X69_07255|_|genomic2.gbff,H1X69_07260|_|genomic2.gbff,H1X69_07265|_|genomic2.gbff,Gator Focal Window,Gator Focal Score
window_5--genomic2.gbff,2.2336314362031582e-10,1.5229979744712626e-08,6.658361469857315e-07,1.8664469113520537e-05,0.0003354626279025118,0.003865920139472804,0.028565500784550377,0.13533528323661267,0.41111229050718745,0.8007374029168081,1.0,0.8007374029168081,1.0,0.8007374029168081,0.41111229050718745,0.8007374029168081,1.0,0.8007374029168081,0.41111229050718745,window_5--genomic2.gbff,1.0
window_6--GCF_008931305.1_ASM893130v1_genomic.gbff,2.2336314362031582e-10,1.5229979744712626e-08,6.658361469857315e-07,1.8664469113520537e-05,0.0003354626279025118,0.003865920139472804,0.028565500784550377,0.13533528323661267,0.41111229050718745,0.8007374029168081,1.0,0.8007374029168081,1.0,0.8007374029168081,0.41111229050718745,0.8007374029168081,1.0,0.0,0.0,window_5--genomic2.gbff,0.8558204961429646
window_1--GCF_017298755.1_ASM1729875v1_genomic.gbff,2.2336314362031582e-10,0.0,0.0,0.0,0.0,0.0,0.028565500784550377,0.0,0.0,0.0,1.0,0.8007374029168081,0.0,0.0,0.0,0.0,1.0,0.0,0.0,window_5--genomic2.gbff,0.3366155812579076
window_4--genomic.gbff,2.2336314362031582e-10,1.5229979744712626e-08,0.0,0.0,0.0,0.0,0.0,0.0,0.0,0.0,0.0,0.8007374029168081,1.0,0.0,0.0,0.0,1.0,0.0,0.0,window_5--genomic2.gbff,0.33321701000188275
window_3--genomic3.gbff,2.2336314362031582e-10,0.0,0.0,0.0,0.0,0.0,0.0,0.0,0.0,0.0,0.0,0.8007374029168081,0.0,0.0,0.0,0.0,1.0,0.0,0.0,window_5--genomic2.gbff,0.2142422668177531
