Gator Windows/Focal Loci,HCH_06017|_|genomic.gbff,HCH_06018|_|genomic.gbff,HCH_06019|_|genomic.gbff,HCH_06020|_|genomic.gbff,HCH_06021|_|genomic.gbff,HCH_06022|_|genomic.gbff,HCH_06023|_|genomic.gbff,HCH_06024|_|genomic.gbff,HCH_06026|_|genomic.gbff,HCH_06025|_|genomic.gbff,HCH_06027|_|genomic.gbff,HCH_06028|_|genomic.gbff,HCH_06029|_|genomic.gbff,HCH_06030|_|genomic.gbff,HCH_06031|_|genomic.gbff,HCH_06032|_|genomic.gbff,HCH_06033|_|genomic.gbff,HCH_06034|_|genomic.gbff,HCH_06035|_|genomic.gbff,HCH_06036|_|genomic.gbff,HCH_06037|_|genomic.gbff,HCH_06038|_|genomic.gbff,HCH_06039|_|genomic.gbff,HCH_06040|_|genomic.gbff,HCH_06041|_|genomic.gbff,Gator Focal Window,Gator Focal Score
window_4--genomic.gbff,0.00022140518743308843,0.0015914185032648292,0.008793628879684863,0.037354160565470015,0.1219823365685364,0.30622598005804236,0.5909819776334961,0.8767859043289749,1.0,0.8767859043289749,0.8767859043289749,1.0,0.8767859043289749,1.0,0.8767859043289749,1.0,0.8767859043289749,0.5909819776334961,0.30622598005804236,0.1219823365685364,0.037354160565470015,0.008793628879684863,0.0015914185032648292,0.00022140518743308843,2.3679814680665547e-05,window_4--genomic.gbff,1.0
window_1--GCF_017298755.1_ASM1729875v1_genomic.gbff,0.0,0.0,0.0,0.0,0.1219823365685364,0.0,0.5909819776334961,0.8767859043289749,1.0,0.0,0.8767859043289749,1.0,0.8767859043289749,1.0,0.8767859043289749,1.0,0.0,0.0,0.0,0.0,0.037354160565470015,0.0,0.0,0.0,0.0,window_4--genomic.gbff,0.7246540095498686
window_3--genomic3.gbff,0.0,0.0,0.0,0.0,0.1219823365685364,0.0,0.5909819776334961,0.8767859043289749,1.0,0.0,0.8767859043289749,1.0,0.8767859043289749,1.0,0.8767859043289749,1.0,0.0,0.0,0.0,0.0,0.0,0.0,0.0,0.0,0.0,window_4--genomic.gbff,0.7213759027992376
window_6--GCF_008931305.1_ASM893130v1_genomic.gbff,0.0,0.0,0.0,0.0,0.1219823365685364,0.0,0.5909819776334961,0.0,1.0,0.0,0.0,0.0,0.0,1.0,0.8767859043289749,1.0,0.0,0.5909819776334961,0.0,0.0,0.0,0.0,0.0,0.0,0.0,window_4--genomic.gbff,0.4546479676793149
window_5--genomic2.gbff,0.0,0.0,0.0,0.0,0.1219823365685364,0.0,0.0,0.0,1.0,0.0,0.0,0.0,0.0,0.0,0.8767859043289749,1.0,0.0,0.5909819776334961,0.0,0.0,0.0,0.0,0.0,0.0,0.0,window_4--genomic.gbff,0.31502740916424626
