Gator Windows/Focal Loci,CWC22_013875|_|genomic3.gbff,CWC22_013880|_|genomic3.gbff,CWC22_013885|_|genomic3.gbff,CWC22_013890|_|genomic3.gbff,CWC22_013895|_|genomic3.gbff,CWC22_013900|_|genomic3.gbff,CWC22_013905|_|genomic3.gbff,CWC22_013910|_|genomic3.gbff,CWC22_013915|_|genomic3.gbff,CWC22_013920|_|genomic3.gbff,CWC22_013925|_|genomic3.gbff,CWC22_013930|_|genomic3.gbff,CWC22_013935|_|genomic3.gbff,CWC22_013940|_|genomic3.gbff,CWC22_013945|_|genomic3.gbff,CWC22_013950|_|genomic3.gbff,CWC22_013955|_|genomic3.gbff,CWC22_013960|_|genomic3.gbff,CWC22_013965|_|genomic3.gbff,CWC22_013970|_|genomic3.gbff,CWC22_013975|_|genomic3.gbff,CWC22_013980|_|genomic3.gbff,CWC22_013985|_|genomic3.gbff,Gator Focal Window,Gator Focal Score
window_3--genomic3.gbff,5.136553118975937e-05,0.000519975743255855,0.003865920139472811,0.02110965645367106,0.08465798862252993,0.2493522087772963,0.5394075072376265,0.8569968914352788,1.0,0.8569968914352788,1.0,0.8569968914352788,1.0,0.8569968914352788,1.0,0.8569968914352788,0.8569968914352788,1.0,1.0,0.8569968914352788,0.5394075072376265,0.2493522087772963,0.08465798862252993,window_3--genomic3.gbff,1.0
window_1--GCF_017298755.1_ASM1729875v1_genomic.gbff,0.0,0.0,0.0,0.0,0.0,0.0,0.5394075072376265,0.8569968914352788,1.0,0.8569968914352788,1.0,0.8569968914352788,1.0,0.8569968914352788,1.0,0.8569968914352788,0.8569968914352788,0.0,1.0,0.0,0.0,0.0,0.0,window_3--genomic3.gbff,0.7756233528078506
window_4--genomic.gbff,0.0,0.0,0.0,0.0,0.0,0.0,0.5394075072376265,0.8569968914352788,1.0,0.8569968914352788,1.0,0.8569968914352788,1.0,0.8569968914352788,1.0,0.0,0.0,0.0,0.0,0.0,0.0,0.0,0.0,window_3--genomic3.gbff,0.5785481422918538
window_6--GCF_008931305.1_ASM893130v1_genomic.gbff,0.0,0.0,0.0,0.0,0.0,0.0,0.5394075072376265,0.0,1.0,0.0,0.0,0.0,1.0,0.8569968914352788,1.0,0.0,0.0,0.0,0.0,0.0,0.0,0.0,0.0,window_3--genomic3.gbff,0.31924255974732313
window_5--genomic2.gbff,0.0,0.0,0.0,0.0,0.0,0.0,0.5394075072376265,0.0,1.0,0.0,0.0,0.0,0.0,0.8569968914352788,1.0,0.0,0.0,0.0,0.0,0.0,0.0,0.0,0.0,window_3--genomic3.gbff,0.24662809328839377
