Genbank Windows,HCH_06014,HCH_06015,HCH_06016,HCH_06017,HCH_06018,HCH_06019,HCH_06020,HCH_06021,HCH_06022,HCH_06023,HCH_06024,HCH_06026,HCH_06025,HCH_06027,HCH_06028,HCH_06029,HCH_06030,HCH_06031,HCH_06032,HCH_06033,HCH_06034,HCH_06035,HCH_06036,HCH_06037,HCH_06038,HCH_06039,HCH_06040,HCH_06041,Gator Focal Window,Gator Focal Sum,Gator Focal Score
window_6--genomic.gbff,0.005633526335550365,0.022259329504126978,0.07119327036132868,0.18431510318408703,0.38625847329626334,0.6552246551515837,0.8996996628482224,1.0,0.8996996628482224,0.6552246551515837,0.8996996628482224,1.0,0.8996996628482224,0.8996996628482224,1.0,0.8996996628482224,1.0,0.8996996628482224,1.0,0.8996996628482224,0.6552246551515837,0.38625847329626334,0.18431510318408703,0.07119327036132868,0.022259329504126978,0.005633526335550365,0.0011541006745963433,0.00019138247925695352,window_6--genomic.gbff,15.5039361567571,1.0
window_4--GCF_017298755.1_ASM1729875v1_genomic.gbff,0.0,0.0,0.0,0.0,0.0,0.0,0.0,1.0,0.0,0.6552246551515837,0.8996996628482224,1.0,0.0,0.8996996628482224,1.0,0.8996996628482224,1.0,0.8996996628482224,1.0,0.0,0.0,0.0,0.0,0.07119327036132868,0.0,0.0,0.0,0.0,window_6--genomic.gbff,9.325216576905802,0.6014741342211721
window_5--genomic3.gbff,0.0,0.0,0.0,0.0,0.0,0.0,0.0,1.0,0.0,0.6552246551515837,0.8996996628482224,1.0,0.0,0.8996996628482224,1.0,0.8996996628482224,1.0,0.8996996628482224,1.0,0.0,0.0,0.0,0.0,0.0,0.0,0.0,0.0,0.0,window_6--genomic.gbff,9.254023306544473,0.5968821861093179
window_1--GCF_008931305.1_ASM893130v1_genomic.gbff,0.0,0.0,0.0,0.0,0.0,0.0,0.0,1.0,0.0,0.6552246551515837,0.0,1.0,0.0,0.0,0.0,0.0,1.0,0.8996996628482224,1.0,0.8996996628482224,0.6552246551515837,0.0,0.0,0.0,0.0,0.0,0.0,0.0,window_6--genomic.gbff,7.109848635999612,0.4585834567501697
window_2--GCF_008124915.1_ASM812491v1_genomic.gbff,0.0,0.0,0.0,0.0,0.0,0.0,0.0,1.0,0.0,0.6552246551515837,0.0,1.0,0.0,0.0,0.0,0.0,1.0,0.8996996628482224,1.0,0.8996996628482224,0.6552246551515837,0.0,0.0,0.0,0.0,0.0,0.0,0.0,window_6--genomic.gbff,7.109848635999612,0.4585834567501697
window_3--genomic2.gbff,0.0,0.0,0.0,0.0,0.0,0.0,0.0,1.0,0.0,0.0,0.0,1.0,0.0,0.0,0.0,0.0,0.0,0.8996996628482224,1.0,0.8996996628482224,0.6552246551515837,0.0,0.0,0.0,0.0,0.0,0.0,0.0,window_6--genomic.gbff,5.454623980848028,0.3518218809531625
